Insert into SHIP (MMSICODE,IMOCODE,NUMBERENERGYGENERATORS,GENERATOROUTPUT,CALLSIGN,DRAFT,SHIPNAME,VESSELTYPEID,SHIPLENGTH,WIDTH,CARGO,CAPACITY)
values ('123456789','ABC1234567','2','5','ABC','100','Ragnar','1','500','50','45','100');

Insert into TRUCK (LICENSEPLATE) values ('1');

Insert into WAREHOUSE (ID,NAME,PLACELOCATIONLATITUDE,PLACELOCATIONLONGITUDE,CAPACITY,OCCUPANCY,PORTID)
values ('1','casa','50','-50','50',null,null);

Insert into COUNTRY (COUNTRYNAME,CONTINENT,POPULATION,ALPHA2_CODE,ALPHA3_CODE)
values ('Brasil','America do Sul','2000000','BR','BR');

Insert into PLACELOCATION (COUNTRYNAME,LATITUDE,LONGITUDE)
values ('Brasil','50','-50');

Insert into PORTS (ID,NAME,PLACELOCATIONLATITUDE,PLACELOCATIONLONGITUDE,CAPACITY,MAXIMUMSHIP,OCCUPANCY)
values ('1','Santos','50','-50','400','15',null);
Insert into PORTS (ID,NAME,PLACELOCATIONLATITUDE,PLACELOCATIONLONGITUDE,CAPACITY,MAXIMUMSHIP,OCCUPANCY)
values ('2','Rio de Janeiro','50','-50','300','20',null);
Insert into PORTS (ID,NAME,PLACELOCATIONLATITUDE,PLACELOCATIONLONGITUDE,CAPACITY,MAXIMUMSHIP,OCCUPANCY)
values ('3','Pará','50','-50','200','10',null);
Insert into PORTS (ID,NAME,PLACELOCATIONLATITUDE,PLACELOCATIONLONGITUDE,CAPACITY,MAXIMUMSHIP,OCCUPANCY)
values ('4','Bahia','50','-50','300','15',null);

Insert into SHIP_PORT (PORTID,SHIPMMSICODE)
values ('1','123456789');
Insert into SHIP_PORT (PORTID,SHIPMMSICODE)
values ('2','123456789');
Insert into SHIP_PORT (PORTID,SHIPMMSICODE)
values ('3','123456789');
Insert into SHIP_PORT (PORTID,SHIPMMSICODE)
values ('4','123456789');

Insert into WAREHOUSE_TRUCK (WAREHOUSEID,TRUCKLICENSEPLATE)
values ('1','1');


Insert into CARGOMANIFESTLOAD (ID,SHIPMMSICODE,PORTID,ISCONCLUDED,WAREHOUSEID,TRUCKLICENSEPLATE)
values ('1','123456789','1',null,null,null);
Insert into CARGOMANIFESTLOAD (ID,SHIPMMSICODE,PORTID,ISCONCLUDED,WAREHOUSEID,TRUCKLICENSEPLATE)
values ('2','123456789','1',null,null,null);
Insert into CARGOMANIFESTLOAD (ID,SHIPMMSICODE,PORTID,ISCONCLUDED,WAREHOUSEID,TRUCKLICENSEPLATE)
values ('3','123456789','1',null,null,null);
Insert into CARGOMANIFESTLOAD (ID,SHIPMMSICODE,PORTID,ISCONCLUDED,WAREHOUSEID,TRUCKLICENSEPLATE)
values ('4',null,null,null,'1','1');


Insert into PHASES (CARGOMANIFESTLOADID,ID,ORIGIN,DESTINATION,EXPECTEDDEPARTUREDATE,EXPECTEDARRIVALDATE,REALDEPARTUREDATE,REALARRIVALDATE)
values ('1','1','Rio de Janeiro','Pará',to_timestamp('25/01/22 14:45:31,000000000','DD/MM/RR HH24:MI:SSXFF'),to_timestamp('28/01/22 17:13:31,000000000','DD/MM/RR HH24:MI:SSXFF'),null,null);
Insert into PHASES (CARGOMANIFESTLOADID,ID,ORIGIN,DESTINATION,EXPECTEDDEPARTUREDATE,EXPECTEDARRIVALDATE,REALDEPARTUREDATE,REALARRIVALDATE)
values ('2','1','Rio de Janeiro','Pará',to_timestamp('23/01/22 14:45:31,000000000','DD/MM/RR HH24:MI:SSXFF'),to_timestamp('24/01/22 17:13:31,000000000','DD/MM/RR HH24:MI:SSXFF'),null,null);
Insert into PHASES (CARGOMANIFESTLOADID,ID,ORIGIN,DESTINATION,EXPECTEDDEPARTUREDATE,EXPECTEDARRIVALDATE,REALDEPARTUREDATE,REALARRIVALDATE)
values ('3','1','Pará','Santos',to_timestamp('24/01/22 14:45:31,000000000','DD/MM/RR HH24:MI:SSXFF'),to_timestamp('28/01/22 17:13:31,000000000','DD/MM/RR HH24:MI:SSXFF'),null,null);
Insert into PHASES (CARGOMANIFESTLOADID,ID,ORIGIN,DESTINATION,EXPECTEDDEPARTUREDATE,EXPECTEDARRIVALDATE,REALDEPARTUREDATE,REALARRIVALDATE)
values ('2','2','Pará','Santos',to_timestamp('25/01/22 17:13:31,000000000','DD/MM/RR HH24:MI:SSXFF'),to_timestamp('28/01/22 17:13:31,000000000','DD/MM/RR HH24:MI:SSXFF'),null,null);
Insert into PHASES (CARGOMANIFESTLOADID,ID,ORIGIN,DESTINATION,EXPECTEDDEPARTUREDATE,EXPECTEDARRIVALDATE,REALDEPARTUREDATE,REALARRIVALDATE)
values ('4','1','Pará','Santos',to_timestamp('25/01/22 17:13:31,000000000','DD/MM/RR HH24:MI:SSXFF'),to_timestamp('28/01/22 17:13:31,000000000','DD/MM/RR HH24:MI:SSXFF'),null,null);

Insert into CONTAINER (NUMBERID,ISOCODE,CHECKDIGIT,MAXWEIGHT,WEIGHT,MAXWEIGHTPACKED,MAXVOLUMEPACKED,REPAIRRECOMMENDATION,CERTIFICATE,PAYLOAD,TARE)
values ('748323899','justo','5033407','2,4','181,7','118,5','1,5','#REPAIRRECOMMENDATION','CERTIFICATE','89,9','1,1');
Insert into CONTAINER (NUMBERID,ISOCODE,CHECKDIGIT,MAXWEIGHT,WEIGHT,MAXWEIGHTPACKED,MAXVOLUMEPACKED,REPAIRRECOMMENDATION,CERTIFICATE,PAYLOAD,TARE)
values ('223364868','sagittis','8150283','92,3','128,5','72,1','179,3','#REPAIRRECOMMENDATION','CERTIFICATE','89,6','20,7');
Insert into CONTAINER (NUMBERID,ISOCODE,CHECKDIGIT,MAXWEIGHT,WEIGHT,MAXWEIGHTPACKED,MAXVOLUMEPACKED,REPAIRRECOMMENDATION,CERTIFICATE,PAYLOAD,TARE)
values ('633494223','pellentesque','9081623','26','195,2','35,4','137,9','#REPAIRRECOMMENDATION','CERTIFICATE','58,6','38,5');
Insert into CONTAINER (NUMBERID,ISOCODE,CHECKDIGIT,MAXWEIGHT,WEIGHT,MAXWEIGHTPACKED,MAXVOLUMEPACKED,REPAIRRECOMMENDATION,CERTIFICATE,PAYLOAD,TARE)
values ('920807949','tempus','2862767','161,3','131,3','147,8','53,9','#REPAIRRECOMMENDATION','CERTIFICATE','33,1','88,4');
Insert into CONTAINER (NUMBERID,ISOCODE,CHECKDIGIT,MAXWEIGHT,WEIGHT,MAXWEIGHTPACKED,MAXVOLUMEPACKED,REPAIRRECOMMENDATION,CERTIFICATE,PAYLOAD,TARE)
values ('149378835','justo','5033407','2,4','181,7','118,5','1,5','#REPAIRRECOMMENDATION','CERTIFICATE','89,9','1,1');
Insert into CONTAINER (NUMBERID,ISOCODE,CHECKDIGIT,MAXWEIGHT,WEIGHT,MAXWEIGHTPACKED,MAXVOLUMEPACKED,REPAIRRECOMMENDATION,CERTIFICATE,PAYLOAD,TARE)
values ('748163149','sagittis','8150283','92,3','128,5','72,1','179,3','#REPAIRRECOMMENDATION','CERTIFICATE','89,6','20,7');
Insert into CONTAINER (NUMBERID,ISOCODE,CHECKDIGIT,MAXWEIGHT,WEIGHT,MAXWEIGHTPACKED,MAXVOLUMEPACKED,REPAIRRECOMMENDATION,CERTIFICATE,PAYLOAD,TARE)
values ('694899744','pellentesque','9081623','26','195,2','35,4','137,9','#REPAIRRECOMMENDATION','CERTIFICATE','58,6','38,5');


Insert into CARGOMANIFESTCONTAINER (CONTAINERNUMBERID,CARGOMANIFESTLOADID,COMPLETEDPHASE,XCONTAINER,YCONTAINER,ZCONTAINER,GROSSCONTAINER,PHASESID,PHASESCARGOMANIFESTLOADID,CARGOMANIFESTUNLOADID,USERRESPONSIBLEFORCHANGES,CLIENTOWNER,WAREHOUSEID)
values ('748323899','1','1','1','1','1','12,6','1','1',null,'Administrator',null,null);
Insert into CARGOMANIFESTCONTAINER (CONTAINERNUMBERID,CARGOMANIFESTLOADID,COMPLETEDPHASE,XCONTAINER,YCONTAINER,ZCONTAINER,GROSSCONTAINER,PHASESID,PHASESCARGOMANIFESTLOADID,CARGOMANIFESTUNLOADID,USERRESPONSIBLEFORCHANGES,CLIENTOWNER,WAREHOUSEID)
values ('223364868','1','1','0','0','0','12,6','1','1',null,'Administrator',null,null);
Insert into CARGOMANIFESTCONTAINER (CONTAINERNUMBERID,CARGOMANIFESTLOADID,COMPLETEDPHASE,XCONTAINER,YCONTAINER,ZCONTAINER,GROSSCONTAINER,PHASESID,PHASESCARGOMANIFESTLOADID,CARGOMANIFESTUNLOADID,USERRESPONSIBLEFORCHANGES,CLIENTOWNER,WAREHOUSEID)
values ('633494223','1','1','1','0','0','12,6','1','1',null,'Administrator',null,null);
Insert into CARGOMANIFESTCONTAINER (CONTAINERNUMBERID,CARGOMANIFESTLOADID,COMPLETEDPHASE,XCONTAINER,YCONTAINER,ZCONTAINER,GROSSCONTAINER,PHASESID,PHASESCARGOMANIFESTLOADID,CARGOMANIFESTUNLOADID,USERRESPONSIBLEFORCHANGES,CLIENTOWNER,WAREHOUSEID)
values ('920807949','3','1','1','0','0','12,6','1','3',null,'Administrator',null,null);
Insert into CARGOMANIFESTCONTAINER (CONTAINERNUMBERID,CARGOMANIFESTLOADID,COMPLETEDPHASE,XCONTAINER,YCONTAINER,ZCONTAINER,GROSSCONTAINER,PHASESID,PHASESCARGOMANIFESTLOADID,CARGOMANIFESTUNLOADID,USERRESPONSIBLEFORCHANGES,CLIENTOWNER,WAREHOUSEID)
values ('149378835','2','1','1','0','0','12,6','1','2',null,'Administrator',null,null);
Insert into CARGOMANIFESTCONTAINER (CONTAINERNUMBERID,CARGOMANIFESTLOADID,COMPLETEDPHASE,XCONTAINER,YCONTAINER,ZCONTAINER,GROSSCONTAINER,PHASESID,PHASESCARGOMANIFESTLOADID,CARGOMANIFESTUNLOADID,USERRESPONSIBLEFORCHANGES,CLIENTOWNER,WAREHOUSEID)
values ('748163149','2','2','1','0','0','12,6','2','2',null,'Administrator',null,null);
Insert into CARGOMANIFESTCONTAINER (CONTAINERNUMBERID,CARGOMANIFESTLOADID,COMPLETEDPHASE,XCONTAINER,YCONTAINER,ZCONTAINER,GROSSCONTAINER,PHASESID,PHASESCARGOMANIFESTLOADID,CARGOMANIFESTUNLOADID,USERRESPONSIBLEFORCHANGES,CLIENTOWNER,WAREHOUSEID)
values ('694899744','4','1','1','0','0','12,6','1','4',null,'Administrator',null,null);
