Insert into COUNTRY (COUNTRYNAME,CONTINENT)
values ('Brazil','America');

Insert into PLACELOCATION (COUNTRYNAME,LATITUDE,LONGITUDE)
values ('Brazil','-32,07','-52,07');
Insert into PLACELOCATION (COUNTRYNAME,LATITUDE,LONGITUDE)
values ('Brazil','-12,97','-38,52');
Insert into PLACELOCATION (COUNTRYNAME,LATITUDE,LONGITUDE)
values ('Brazil','-23,93','-46,32');
Insert into PLACELOCATION(COUNTRYNAME,LATITUDE,LONGITUDE)
values ('Brazil', '25,67', '-54,87');

Insert into PORTS (ID,NAME,PLACELOCATIONLATITUDE,PLACELOCATIONLONGITUDE)
values ('1','Rio Grande','-32,07','-52,07');
Insert into PORTS (ID,NAME,PLACELOCATIONLATITUDE,PLACELOCATIONLONGITUDE)
values ('2','Salvador','-12,97','-38,52');
Insert into PORTS (ID,NAME,PLACELOCATIONLATITUDE,PLACELOCATIONLONGITUDE)
values ('3','Santos','-23,93','-46,32');
Insert into  PORTS (ID,NAME,PLACELOCATIONLATITUDE,PLACELOCATIONLONGITUDE)
values ('4', 'Paraná', '25,67', '-54,87');

Insert into SHIP (MMSICODE,IMOCODE,NUMBERENERGYGENERATORS,GENERATOROUTPUT,CALLSIGN,DRAFT,SHIPNAME,VESSELTYPEID,SHIPLENGTH,WIDTH,CARGO,CAPACITY)
values ('210950000','IMO9395044','0','0','C4SQ2','9,5','VARAMO','70','166','25','NA','4150');
Insert into SHIP (MMSICODE,IMOCODE,NUMBERENERGYGENERATORS,GENERATOROUTPUT,CALLSIGN,DRAFT,SHIPNAME,VESSELTYPEID,SHIPLENGTH,WIDTH,CARGO,CAPACITY)
values ('212180000','IMO9643544','0','0','5BBA4','14,4','SAITA I','70','228','32','NA','7296');

Insert into SHIP_PORT (PORTID,SHIPMMSICODE)
values ('1','210950000');
Insert into SHIP_PORT (PORTID,SHIPMMSICODE)
values ('1','212180000');
Insert into SHIP_PORT (PORTID,SHIPMMSICODE)
values ('2','210950000');
Insert into SHIP_PORT (PORTID,SHIPMMSICODE)
values ('2','212180000');
Insert into SHIP_PORT (PORTID,SHIPMMSICODE)
values ('3','210950000');
Insert into SHIP_PORT (PORTID,SHIPMMSICODE)
values ('3','212180000');
Insert into SHIP_PORT (PORTID,SHIPMMSICODE)
values ('4','212180000');


Insert into CARGOMANIFESTLOAD (ID,PORTID,SHIPMMSICODE,ISCONCLUDED,WAREHOUSEID,TRUCKLICENSEPLATE)
values ('2','3','212180000',null,null,null);
Insert into CARGOMANIFESTLOAD (ID,PORTID,SHIPMMSICODE,ISCONCLUDED,WAREHOUSEID,TRUCKLICENSEPLATE)
values ('3','1','210950000',null,null,null);
Insert into CARGOMANIFESTLOAD (ID,PORTID,SHIPMMSICODE,ISCONCLUDED,WAREHOUSEID,TRUCKLICENSEPLATE)
values ('4','3','210950000',null,null,null);
Insert into CARGOMANIFESTLOAD (ID,PORTID,SHIPMMSICODE,ISCONCLUDED,WAREHOUSEID,TRUCKLICENSEPLATE)
values ('1','1','212180000',null,null,null);
Insert into CARGOMANIFESTLOAD (ID,PORTID,SHIPMMSICODE,ISCONCLUDED,WAREHOUSEID,TRUCKLICENSEPLATE)
values ('5','1','212180000',null,null,null);
Insert into CARGOMANIFESTLOAD (ID,PORTID,SHIPMMSICODE,ISCONCLUDED,WAREHOUSEID,TRUCKLICENSEPLATE)
values ('6','3','212180000',null,null,null);



Insert into PHASES (CARGOMANIFESTLOADID,ID,ORIGIN,DESTINATION,EXPECTEDDEPARTUREDATE,EXPECTEDARRIVALDATE,REALDEPARTUREDATE,REALARRIVALDATE)
values ('2','1','Santos','Paraná',to_timestamp('21.12.24 18:44:33,000000000','RR.MM.DD HH24:MI:SSXFF'),to_timestamp('21.12.26 18:44:33,000000000','RR.MM.DD HH24:MI:SSXFF'),to_timestamp('21.12.24 18:44:33,000000000','RR.MM.DD HH24:MI:SSXFF'),to_timestamp('21.12.26 18:44:33,000000000','RR.MM.DD HH24:MI:SSXFF'));
Insert into PHASES (CARGOMANIFESTLOADID,ID,ORIGIN,DESTINATION,EXPECTEDDEPARTUREDATE,EXPECTEDARRIVALDATE,REALDEPARTUREDATE,REALARRIVALDATE)
values ('4','1','Santos','Paraná',to_timestamp('21.12.26 18:44:33,000000000','RR.MM.DD HH24:MI:SSXFF'),to_timestamp('21.12.27 18:44:33,000000000','RR.MM.DD HH24:MI:SSXFF'),to_timestamp('21.12.26 18:44:33,000000000','RR.MM.DD HH24:MI:SSXFF'),to_timestamp('21.12.27 18:44:33,000000000','RR.MM.DD HH24:MI:SSXFF'));
Insert into PHASES (CARGOMANIFESTLOADID,ID,ORIGIN,DESTINATION,EXPECTEDDEPARTUREDATE,EXPECTEDARRIVALDATE,REALDEPARTUREDATE,REALARRIVALDATE)
values ('3','1','Rio Grande','Rio Grande',to_timestamp('21.12.01 18:44:33,000000000','RR.MM.DD HH24:MI:SSXFF'),to_timestamp('21.12.03 18:44:33,000000000','RR.MM.DD HH24:MI:SSXFF'),to_timestamp('21.12.01 18:44:33,000000000','RR.MM.DD HH24:MI:SSXFF'),to_timestamp('21.12.03 18:44:33,000000000','RR.MM.DD HH24:MI:SSXFF'));
Insert into PHASES (CARGOMANIFESTLOADID,ID,ORIGIN,DESTINATION,EXPECTEDDEPARTUREDATE,EXPECTEDARRIVALDATE,REALDEPARTUREDATE,REALARRIVALDATE)
values ('3','2','Rio Grande','Salvador',to_timestamp('21.12.10 18:44:33,000000000','RR.MM.DD HH24:MI:SSXFF'),to_timestamp('21.12.21 18:44:33,000000000','RR.MM.DD HH24:MI:SSXFF'),to_timestamp('21.12.10 18:44:33,000000000','RR.MM.DD HH24:MI:SSXFF'),to_timestamp('21.12.21 18:44:33,000000000','RR.MM.DD HH24:MI:SSXFF'));
Insert into PHASES (CARGOMANIFESTLOADID,ID,ORIGIN,DESTINATION,EXPECTEDDEPARTUREDATE,EXPECTEDARRIVALDATE,REALDEPARTUREDATE,REALARRIVALDATE)
values ('3','3','Salvador','Santos',to_timestamp('21.12.23 18:44:33,000000000','RR.MM.DD HH24:MI:SSXFF'),to_timestamp('21.12.24 18:44:33,000000000','RR.MM.DD HH24:MI:SSXFF'),to_timestamp('21.12.23 18:44:33,000000000','RR.MM.DD HH24:MI:SSXFF'),to_timestamp('21.12.24 18:44:33,000000000','RR.MM.DD HH24:MI:SSXFF'));
Insert into PHASES (CARGOMANIFESTLOADID,ID,ORIGIN,DESTINATION,EXPECTEDDEPARTUREDATE,EXPECTEDARRIVALDATE,REALDEPARTUREDATE,REALARRIVALDATE)
values ('1','1','Rio Grande','Rio Grande',to_timestamp('21.12.01 18:44:33,000000000','RR.MM.DD HH24:MI:SSXFF'),to_timestamp('21.12.05 18:44:33,000000000','RR.MM.DD HH24:MI:SSXFF'),to_timestamp('21.12.01 18:44:33,000000000','RR.MM.DD HH24:MI:SSXFF'),to_timestamp('21.12.05 18:44:33,000000000','RR.MM.DD HH24:MI:SSXFF'));
Insert into PHASES (CARGOMANIFESTLOADID,ID,ORIGIN,DESTINATION,EXPECTEDDEPARTUREDATE,EXPECTEDARRIVALDATE,REALDEPARTUREDATE,REALARRIVALDATE)
values ('1','2','Rio Grande','Salvador',to_timestamp('21.12.12 18:44:33,000000000','RR.MM.DD HH24:MI:SSXFF'),to_timestamp('21.12.20 18:44:33,000000000','RR.MM.DD HH24:MI:SSXFF'),to_timestamp('21.12.12 18:44:33,000000000','RR.MM.DD HH24:MI:SSXFF'),to_timestamp('21.12.20 18:44:33,000000000','RR.MM.DD HH24:MI:SSXFF'));
Insert into PHASES (CARGOMANIFESTLOADID,ID,ORIGIN,DESTINATION,EXPECTEDDEPARTUREDATE,EXPECTEDARRIVALDATE,REALDEPARTUREDATE,REALARRIVALDATE)
values ('1','3','Salvador','Santos',to_timestamp('21.12.21 18:44:33,000000000','RR.MM.DD HH24:MI:SSXFF'),to_timestamp('21.12.22 18:44:33,000000000','RR.MM.DD HH24:MI:SSXFF'),to_timestamp('21.12.21 18:44:33,000000000','RR.MM.DD HH24:MI:SSXFF'),to_timestamp('21.12.22 18:44:33,000000000','RR.MM.DD HH24:MI:SSXFF'));
Insert into PHASES (CARGOMANIFESTLOADID,ID,ORIGIN,DESTINATION,EXPECTEDDEPARTUREDATE,EXPECTEDARRIVALDATE,REALDEPARTUREDATE,REALARRIVALDATE)
values ('5','1','Rio Grande','Rio Grande',to_timestamp('22.01.06 18:44:33,000000000','RR.MM.DD HH24:MI:SSXFF'),to_timestamp('22.04.20 18:44:33,000000000','RR.MM.DD HH24:MI:SSXFF'),to_timestamp('22.01.06 18:44:33,000000000','RR.MM.DD HH24:MI:SSXFF'),to_timestamp('22.04.20 18:44:33,000000000','RR.MM.DD HH24:MI:SSXFF'));
Insert into PHASES (CARGOMANIFESTLOADID,ID,ORIGIN,DESTINATION,EXPECTEDDEPARTUREDATE,EXPECTEDARRIVALDATE,REALDEPARTUREDATE,REALARRIVALDATE)
values ('5','2','Rio Grande','Salvador',to_timestamp('22.04.27 18:44:33,000000000','RR.MM.DD HH24:MI:SSXFF'),to_timestamp('22.08.10 18:44:33,000000000','RR.MM.DD HH24:MI:SSXFF'),to_timestamp('22.04.27 18:44:33,000000000','RR.MM.DD HH24:MI:SSXFF'),to_timestamp('22.08.10 18:44:33,000000000','RR.MM.DD HH24:MI:SSXFF'));
Insert into PHASES (CARGOMANIFESTLOADID,ID,ORIGIN,DESTINATION,EXPECTEDDEPARTUREDATE,EXPECTEDARRIVALDATE,REALDEPARTUREDATE,REALARRIVALDATE)
values ('5','3','Salvador','Santos',to_timestamp('22.08.25 18:44:33,000000000','RR.MM.DD HH24:MI:SSXFF'),to_timestamp('22.11.10 18:44:33,000000000','RR.MM.DD HH24:MI:SSXFF'),to_timestamp('22.08.25 18:44:33,000000000','RR.MM.DD HH24:MI:SSXFF'),to_timestamp('22.11.10 18:44:33,000000000','RR.MM.DD HH24:MI:SSXFF'));
Insert into PHASES (CARGOMANIFESTLOADID,ID,ORIGIN,DESTINATION,EXPECTEDDEPARTUREDATE,EXPECTEDARRIVALDATE,REALDEPARTUREDATE,REALARRIVALDATE)
values ('6','1','Santos','Paraná',to_timestamp('22.11.15 18:44:33,000000000','RR.MM.DD HH24:MI:SSXFF'),to_timestamp('22.11.27 18:44:33,000000000','RR.MM.DD HH24:MI:SSXFF'),to_timestamp('22.11.10 18:44:33,000000000','RR.MM.DD HH24:MI:SSXFF'),to_timestamp('22.11.27 18:44:33,000000000','RR.MM.DD HH24:MI:SSXFF'));
Insert into PHASES (CARGOMANIFESTLOADID,ID,ORIGIN,DESTINATION,EXPECTEDDEPARTUREDATE,EXPECTEDARRIVALDATE,REALDEPARTUREDATE,REALARRIVALDATE)
values ('6','2','Paraná','Rio Grande',to_timestamp('22.12.02 18:44:33,000000000','RR.MM.DD HH24:MI:SSXFF'),to_timestamp('22.12.15 18:44:33,000000000','RR.MM.DD HH24:MI:SSXFF'),to_timestamp('22.12.02 18:44:33,000000000','RR.MM.DD HH24:MI:SSXFF'),to_timestamp('22.12.15 18:44:33,000000000','RR.MM.DD HH24:MI:SSXFF'));

Insert into CARGOMANIFESTUNLOAD (ID,PHASESID,PHASESCARGOMANIFESTLOADID,PORTID,WAREHOUSEID)
values ('1','1','1','1',null);
Insert into CARGOMANIFESTUNLOAD (ID,PHASESID,PHASESCARGOMANIFESTLOADID,PORTID,WAREHOUSEID)
values ('2','2','1','2',null);
Insert into CARGOMANIFESTUNLOAD (ID,PHASESID,PHASESCARGOMANIFESTLOADID,PORTID,WAREHOUSEID)
values ('3','3','1','3',null);
Insert into CARGOMANIFESTUNLOAD (ID,PHASESID,PHASESCARGOMANIFESTLOADID,PORTID,WAREHOUSEID)
values ('4','1','2','4',null);

Insert into CONTAINER (NUMBERID,ISOCODE,CHECKDIGIT,MAXWEIGHT,WEIGHT,MAXWEIGHTPACKED,MAXVOLUMEPACKED,REPAIRRECOMMENDATION,CERTIFICATE,PAYLOAD,TARE)
values ('748323899','justo','5033407','2,4','181,7','118,5','1,5','#REPAIRRECOMMENDATION','CERTIFICATE','89,9','1,1');
Insert into CONTAINER (NUMBERID,ISOCODE,CHECKDIGIT,MAXWEIGHT,WEIGHT,MAXWEIGHTPACKED,MAXVOLUMEPACKED,REPAIRRECOMMENDATION,CERTIFICATE,PAYLOAD,TARE)
values ('223364868','sagittis','8150283','92,3','128,5','72,1','179,3','#REPAIRRECOMMENDATION','CERTIFICATE','89,6','20,7');
Insert into CONTAINER (NUMBERID,ISOCODE,CHECKDIGIT,MAXWEIGHT,WEIGHT,MAXWEIGHTPACKED,MAXVOLUMEPACKED,REPAIRRECOMMENDATION,CERTIFICATE,PAYLOAD,TARE)
values ('633494223','pellentesque','9081623','26','195,2','35,4','137,9','#REPAIRRECOMMENDATION','CERTIFICATE','58,6','38,5');
Insert into CONTAINER (NUMBERID,ISOCODE,CHECKDIGIT,MAXWEIGHT,WEIGHT,MAXWEIGHTPACKED,MAXVOLUMEPACKED,REPAIRRECOMMENDATION,CERTIFICATE,PAYLOAD,TARE)
values ('920807949','tempus','2862767','161,3','131,3','147,8','53,9','#REPAIRRECOMMENDATION','CERTIFICATE','33,1','88,4');
Insert into CONTAINER (NUMBERID,ISOCODE,CHECKDIGIT,MAXWEIGHT,WEIGHT,MAXWEIGHTPACKED,MAXVOLUMEPACKED,REPAIRRECOMMENDATION,CERTIFICATE,PAYLOAD,TARE)
values ('149378835','justo','5033407','2,4','181,7','118,5','1,5','#REPAIRRECOMMENDATION','CERTIFICATE','89,9','1,1');
Insert into CONTAINER (NUMBERID,ISOCODE,CHECKDIGIT,MAXWEIGHT,WEIGHT,MAXWEIGHTPACKED,MAXVOLUMEPACKED,REPAIRRECOMMENDATION,CERTIFICATE,PAYLOAD,TARE)
values ('748163149','sagittis','8150283','92,3','128,5','72,1','179,3','#REPAIRRECOMMENDATION','CERTIFICATE','89,6','20,7');
Insert into CONTAINER (NUMBERID,ISOCODE,CHECKDIGIT,MAXWEIGHT,WEIGHT,MAXWEIGHTPACKED,MAXVOLUMEPACKED,REPAIRRECOMMENDATION,CERTIFICATE,PAYLOAD,TARE)
values ('694899744','pellentesque','9081623','26','195,2','35,4','137,9','#REPAIRRECOMMENDATION','CERTIFICATE','58,6','38,5');
Insert into CONTAINER (NUMBERID,ISOCODE,CHECKDIGIT,MAXWEIGHT,WEIGHT,MAXWEIGHTPACKED,MAXVOLUMEPACKED,REPAIRRECOMMENDATION,CERTIFICATE,PAYLOAD,TARE)
values ('628015754','tempus','2862767','161,3','131,3','147,8','53,9','#REPAIRRECOMMENDATION','CERTIFICATE','33,1','88,4');
Insert into CONTAINER (NUMBERID,ISOCODE,CHECKDIGIT,MAXWEIGHT,WEIGHT,MAXWEIGHTPACKED,MAXVOLUMEPACKED,REPAIRRECOMMENDATION,CERTIFICATE,PAYLOAD,TARE)
values ('916849354','justo','5033407','2,4','181,7','118,5','1,5','#REPAIRRECOMMENDATION','CERTIFICATE','89,9','1,1');
Insert into CONTAINER (NUMBERID,ISOCODE,CHECKDIGIT,MAXWEIGHT,WEIGHT,MAXWEIGHTPACKED,MAXVOLUMEPACKED,REPAIRRECOMMENDATION,CERTIFICATE,PAYLOAD,TARE)
values ('385553229','sagittis','8150283','92,3','128,5','72,1','179,3','#REPAIRRECOMMENDATION','CERTIFICATE','89,6','20,7');
Insert into CONTAINER (NUMBERID,ISOCODE,CHECKDIGIT,MAXWEIGHT,WEIGHT,MAXWEIGHTPACKED,MAXVOLUMEPACKED,REPAIRRECOMMENDATION,CERTIFICATE,PAYLOAD,TARE)
values ('198620709','pellentesque','9081623','26','195,2','35,4','137,9','#REPAIRRECOMMENDATION','CERTIFICATE','58,6','38,5');
Insert into CONTAINER (NUMBERID,ISOCODE,CHECKDIGIT,MAXWEIGHT,WEIGHT,MAXWEIGHTPACKED,MAXVOLUMEPACKED,REPAIRRECOMMENDATION,CERTIFICATE,PAYLOAD,TARE)
values ('205492538','pellentesque','9081623','26','195,2','35,4','137,9','#REPAIRRECOMMENDATION','CERTIFICATE','58,6','38,5');
Insert into CONTAINER (NUMBERID,ISOCODE,CHECKDIGIT,MAXWEIGHT,WEIGHT,MAXWEIGHTPACKED,MAXVOLUMEPACKED,REPAIRRECOMMENDATION,CERTIFICATE,PAYLOAD,TARE)
values ('456789423','pellentesque','9081623','26','195,2','35,4','137,9','#REPAIRRECOMMENDATION','CERTIFICATE','58,6','38,5');
Insert into CONTAINER (NUMBERID,ISOCODE,CHECKDIGIT,MAXWEIGHT,WEIGHT,MAXWEIGHTPACKED,MAXVOLUMEPACKED,REPAIRRECOMMENDATION,CERTIFICATE,PAYLOAD,TARE)
values ('789546125','pellentesque','9081623','26','195,2','35,4','137,9','#REPAIRRECOMMENDATION','CERTIFICATE','58,6','38,5');
Insert into CONTAINER (NUMBERID,ISOCODE,CHECKDIGIT,MAXWEIGHT,WEIGHT,MAXWEIGHTPACKED,MAXVOLUMEPACKED,REPAIRRECOMMENDATION,CERTIFICATE,PAYLOAD,TARE)
values ('213456782','pellentesque','9081623','26','195,2','35,4','137,9','#REPAIRRECOMMENDATION','CERTIFICATE','58,6','38,5');
Insert into CONTAINER (NUMBERID,ISOCODE,CHECKDIGIT,MAXWEIGHT,WEIGHT,MAXWEIGHTPACKED,MAXVOLUMEPACKED,REPAIRRECOMMENDATION,CERTIFICATE,PAYLOAD,TARE)
values ('134564237','pellentesque','9081623','26','195,2','35,4','137,9','#REPAIRRECOMMENDATION','CERTIFICATE','58,6','38,5');
Insert into CONTAINER (NUMBERID,ISOCODE,CHECKDIGIT,MAXWEIGHT,WEIGHT,MAXWEIGHTPACKED,MAXVOLUMEPACKED,REPAIRRECOMMENDATION,CERTIFICATE,PAYLOAD,TARE)
values ('534636241','pellentesque','9081623','26','195,2','35,4','137,9','#REPAIRRECOMMENDATION','CERTIFICATE','58,6','38,5');
Insert into CONTAINER (NUMBERID,ISOCODE,CHECKDIGIT,MAXWEIGHT,WEIGHT,MAXWEIGHTPACKED,MAXVOLUMEPACKED,REPAIRRECOMMENDATION,CERTIFICATE,PAYLOAD,TARE)
values ('635635775','pellentesque','9081623','26','195,2','35,4','137,9','#REPAIRRECOMMENDATION','CERTIFICATE','58,6','38,5');


Insert into CARGOMANIFESTCONTAINER (CARGOMANIFESTLOADID,CONTAINERNUMBERID,PHASESID,XCONTAINER,YCONTAINER,ZCONTAINER,GROSSCONTAINER,PHASESCARGOMANIFESTLOADID,CARGOMANIFESTUNLOADID, USERRESPONSIBLEFORCHANGES, CLIENTOWNER)
values ('1','748323899','1','0','0','0','12,6','1','1',null,null);
Insert into CARGOMANIFESTCONTAINER (CARGOMANIFESTLOADID,CONTAINERNUMBERID,PHASESID,XCONTAINER,YCONTAINER,ZCONTAINER,GROSSCONTAINER,PHASESCARGOMANIFESTLOADID,CARGOMANIFESTUNLOADID, USERRESPONSIBLEFORCHANGES, CLIENTOWNER)
values ('1','223364868','1','1','0','0','12,6','1','1',null,null);
Insert into CARGOMANIFESTCONTAINER (CARGOMANIFESTLOADID,CONTAINERNUMBERID,PHASESID,XCONTAINER,YCONTAINER,ZCONTAINER,GROSSCONTAINER,PHASESCARGOMANIFESTLOADID,CARGOMANIFESTUNLOADID, USERRESPONSIBLEFORCHANGES, CLIENTOWNER)
values ('1','633494223','2','1','1','0','12,6','1','2',null,null);
Insert into CARGOMANIFESTCONTAINER (CARGOMANIFESTLOADID,CONTAINERNUMBERID,PHASESID,XCONTAINER,YCONTAINER,ZCONTAINER,GROSSCONTAINER,PHASESCARGOMANIFESTLOADID,CARGOMANIFESTUNLOADID, USERRESPONSIBLEFORCHANGES, CLIENTOWNER)
values ('1','920807949','2','0','1','0','12,6','1','2',null,null);
Insert into CARGOMANIFESTCONTAINER (CARGOMANIFESTLOADID,CONTAINERNUMBERID,PHASESID,XCONTAINER,YCONTAINER,ZCONTAINER,GROSSCONTAINER,PHASESCARGOMANIFESTLOADID,CARGOMANIFESTUNLOADID, USERRESPONSIBLEFORCHANGES, CLIENTOWNER)
values ('1','149378835','3','0','1','1','12,6','1','3',null,null);
Insert into CARGOMANIFESTCONTAINER (CARGOMANIFESTLOADID,CONTAINERNUMBERID,PHASESID,XCONTAINER,YCONTAINER,ZCONTAINER,GROSSCONTAINER,PHASESCARGOMANIFESTLOADID,CARGOMANIFESTUNLOADID, USERRESPONSIBLEFORCHANGES, CLIENTOWNER)
values ('1','748163149','3','1','1','1','12,6','1','3',null,null);
Insert into CARGOMANIFESTCONTAINER (CARGOMANIFESTLOADID,CONTAINERNUMBERID,PHASESID,XCONTAINER,YCONTAINER,ZCONTAINER,GROSSCONTAINER,PHASESCARGOMANIFESTLOADID,CARGOMANIFESTUNLOADID, USERRESPONSIBLEFORCHANGES, CLIENTOWNER)
values ('2','748163149','1','0','0','0','12,6','2','4',null,null);